x-axis,2
second,Volt
-250.0000E-09,+1.4038944747299E+00
-249.5000E-09,+1.3636934701353E+00
-249.0000E-09,+1.3033919632435E+00
-248.5000E-09,+1.3033919632435E+00
-248.0000E-09,+1.2631909586489E+00
-247.5000E-09,+1.2229899540544E+00
-247.0000E-09,+1.2028894517571E+00
-246.5000E-09,+1.1827889494598E+00
-246.0000E-09,+1.1626884471625E+00
-245.5000E-09,+1.1224874425680E+00
-245.0000E-09,+1.0822864379734E+00
-244.5000E-09,+1.1023869402707E+00
-244.0000E-09,+1.0621859356761E+00
-243.5000E-09,+1.0219849310816E+00
-243.0000E-09,+1.0219849310815E+00
-242.5000E-09,+1.0018844287843E+00
-242.0000E-09,+981.7839264870E-03
-241.5000E-09,+961.6834241897E-03
-241.0000E-09,+921.4824195951E-03
-240.5000E-09,+901.3819172979E-03
-240.0000E-09,+881.2814150006E-03
-239.5000E-09,+881.2814150006E-03
-239.0000E-09,+861.1809127033E-03
-238.5000E-09,+841.0804104060E-03
-238.0000E-09,+820.9799081087E-03
-237.5000E-09,+800.8794058114E-03
-237.0000E-09,+780.7789035142E-03
-236.5000E-09,+780.7789035141E-03
-236.0000E-09,+740.5778989196E-03
-235.5000E-09,+720.4773966223E-03
-235.0000E-09,+720.4773966223E-03
-234.5000E-09,+720.4773966223E-03
-234.0000E-09,+700.3768943250E-03
-233.5000E-09,+680.2763920277E-03
-233.0000E-09,+660.1758897305E-03
-232.5000E-09,+660.1758897305E-03
-232.0000E-09,+640.0753874332E-03
-231.5000E-09,+599.8743828386E-03
-231.0000E-09,+579.7738805413E-03
-230.5000E-09,+559.6733782441E-03
-230.0000E-09,+559.6733782440E-03
-229.5000E-09,+539.5728759468E-03
-229.0000E-09,+559.6733782440E-03
-228.5000E-09,+559.6733782440E-03
-228.0000E-09,+579.7738805413E-03
-227.5000E-09,+579.7738805413E-03
-227.0000E-09,+599.8743828386E-03
-226.5000E-09,+619.9748851359E-03
-226.0000E-09,+640.0753874332E-03
-225.5000E-09,+640.0753874332E-03
-225.0000E-09,+660.1758897305E-03
-224.5000E-09,+640.0753874332E-03
-224.0000E-09,+640.0753874332E-03
-223.5000E-09,+640.0753874332E-03
-223.0000E-09,+660.1758897305E-03
-222.5000E-09,+660.1758897305E-03
-222.0000E-09,+660.1758897305E-03
-221.5000E-09,+640.0753874332E-03
-221.0000E-09,+680.2763920277E-03
-220.5000E-09,+680.2763920277E-03
-220.0000E-09,+680.2763920277E-03
-219.5000E-09,+680.2763920277E-03
-219.0000E-09,+680.2763920277E-03
-218.5000E-09,+720.4773966223E-03
-218.0000E-09,+700.3768943250E-03
-217.5000E-09,+700.3768943250E-03
-217.0000E-09,+700.3768943250E-03
-216.5000E-09,+720.4773966223E-03
-216.0000E-09,+700.3768943250E-03
-215.5000E-09,+700.3768943250E-03
-215.0000E-09,+700.3768943250E-03
-214.5000E-09,+720.4773966223E-03
-214.0000E-09,+720.4773966223E-03
-213.5000E-09,+720.4773966223E-03
-213.0000E-09,+740.5778989196E-03
-212.5000E-09,+720.4773966223E-03
-212.0000E-09,+740.5778989196E-03
-211.5000E-09,+700.3768943250E-03
-211.0000E-09,+740.5778989196E-03
-210.5000E-09,+740.5778989196E-03
-210.0000E-09,+760.6784012169E-03
-209.5000E-09,+820.9799081087E-03
-209.0000E-09,+881.2814150006E-03
-208.5000E-09,+921.4824195952E-03
-208.0000E-09,+981.7839264870E-03
-207.5000E-09,+1.0420854333789E+00
-207.0000E-09,+1.1224874425680E+00
-206.5000E-09,+1.1827889494598E+00
-206.0000E-09,+1.2229899540544E+00
-205.5000E-09,+1.2631909586490E+00
-205.0000E-09,+1.3033919632435E+00
-204.5000E-09,+1.3435929678381E+00
-204.0000E-09,+1.3837939724326E+00
-203.5000E-09,+1.3837939724327E+00
-203.0000E-09,+1.4239949770272E+00
-202.5000E-09,+1.4641959816218E+00
-202.0000E-09,+1.5043969862163E+00
-201.5000E-09,+1.5445979908109E+00
-201.0000E-09,+1.5646984931082E+00
-200.5000E-09,+1.5847989954055E+00
-200.0000E-09,+1.6048994977027E+00
-199.5000E-09,+1.6250000000000E+00
-199.0000E-09,+1.6652010045946E+00
-198.5000E-09,+1.7054020091892E+00
-198.0000E-09,+1.7255025114864E+00
-197.5000E-09,+1.7255025114865E+00
-197.0000E-09,+1.7657035160810E+00
-196.5000E-09,+1.7858040183783E+00
-196.0000E-09,+1.8059045206755E+00
-195.5000E-09,+1.8059045206756E+00
-195.0000E-09,+1.8461055252702E+00
-194.5000E-09,+1.8863065298647E+00
-194.0000E-09,+1.9064070321620E+00
-193.5000E-09,+1.9064070321620E+00
-193.0000E-09,+1.9265075344593E+00
-192.5000E-09,+1.9667085390538E+00
-192.0000E-09,+1.9466080367565E+00
-191.5000E-09,+1.9667085390538E+00
-191.0000E-09,+1.9868090413511E+00
-190.5000E-09,+2.0270100459457E+00
-190.0000E-09,+2.0471105482430E+00
-189.5000E-09,+2.0672110505402E+00
-189.0000E-09,+2.0873115528376E+00
-188.5000E-09,+2.1275125574321E+00
-188.0000E-09,+2.1476130597293E+00
-187.5000E-09,+2.1476130597294E+00
-187.0000E-09,+2.2079145666213E+00
-186.5000E-09,+2.2481155712158E+00
-186.0000E-09,+2.2682160735130E+00
-185.5000E-09,+2.2682160735131E+00
-185.0000E-09,+2.2883165758104E+00
-184.5000E-09,+2.3285175804049E+00
-184.0000E-09,+2.3285175804049E+00
-183.5000E-09,+2.3486180827022E+00
-183.0000E-09,+2.3687185849995E+00
-182.5000E-09,+2.3888190872968E+00
-182.0000E-09,+2.4089195895940E+00
-181.5000E-09,+2.4089195895941E+00
-181.0000E-09,+2.4491205941886E+00
-180.5000E-09,+2.4692210964859E+00
-180.0000E-09,+2.4893215987831E+00
-179.5000E-09,+2.4491205941887E+00
-179.0000E-09,+2.5094221010804E+00
-178.5000E-09,+2.5094221010805E+00
-178.0000E-09,+2.5496231056749E+00
-177.5000E-09,+2.5295226033777E+00
-177.0000E-09,+2.5295226033778E+00
-176.5000E-09,+2.5697236079723E+00
-176.0000E-09,+2.5697236079723E+00
-175.5000E-09,+2.5898241102695E+00
-175.0000E-09,+2.5697236079723E+00
-174.5000E-09,+2.5697236079722E+00
-174.0000E-09,+2.5496231056749E+00
-173.5000E-09,+2.4893215987831E+00
-173.0000E-09,+2.4692210964858E+00
-172.5000E-09,+2.4290200918912E+00
-172.0000E-09,+2.4089195895939E+00
-171.5000E-09,+2.3486180827022E+00
-171.0000E-09,+2.3486180827021E+00
-170.5000E-09,+2.3285175804048E+00
-170.0000E-09,+2.2883165758103E+00
-169.5000E-09,+2.2682160735130E+00
-169.0000E-09,+2.2481155712157E+00
-168.5000E-09,+2.2280150689184E+00
-168.0000E-09,+2.2079145666211E+00
-167.5000E-09,+2.1878140643239E+00
-167.0000E-09,+2.1677135620266E+00
-166.5000E-09,+2.1677135620266E+00
-166.0000E-09,+2.1476130597293E+00
-165.5000E-09,+2.1275125574321E+00
-165.0000E-09,+2.1275125574320E+00
-164.5000E-09,+2.1074120551348E+00
-164.0000E-09,+2.1074120551346E+00
-163.5000E-09,+2.0471105482430E+00
-163.0000E-09,+2.0672110505402E+00
-162.5000E-09,+2.0471105482429E+00
-162.0000E-09,+2.0471105482429E+00
-161.5000E-09,+2.0270100459456E+00
-161.0000E-09,+2.0069095436484E+00
-160.5000E-09,+2.0069095436483E+00
-160.0000E-09,+1.9868090413510E+00
-159.5000E-09,+1.9667085390537E+00
-159.0000E-09,+1.9466080367566E+00
-158.5000E-09,+1.9667085390537E+00
-158.0000E-09,+1.9466080367565E+00
-157.5000E-09,+1.9265075344593E+00
-157.0000E-09,+1.9466080367565E+00
-156.5000E-09,+1.9466080367564E+00
-156.0000E-09,+1.9064070321619E+00
-155.5000E-09,+1.8863065298647E+00
-155.0000E-09,+1.9064070321619E+00
-154.5000E-09,+1.8863065298646E+00
-154.0000E-09,+1.8461055252699E+00
-153.5000E-09,+1.7858040183781E+00
-153.0000E-09,+1.7255025114863E+00
-152.5000E-09,+1.6853015068916E+00
-152.0000E-09,+1.6048994977025E+00
-151.5000E-09,+1.5445979908107E+00
-151.0000E-09,+1.4842964839189E+00
-150.5000E-09,+1.4440954793243E+00
-150.0000E-09,+1.4038944747298E+00
-149.5000E-09,+1.3636934701352E+00
-149.0000E-09,+1.3234924655407E+00
-148.5000E-09,+1.3033919632434E+00
-148.0000E-09,+1.2631909586488E+00
-147.5000E-09,+1.2229899540544E+00
-147.0000E-09,+1.2229899540543E+00
-146.5000E-09,+1.2028894517569E+00
-146.0000E-09,+1.1626884471624E+00
-145.5000E-09,+1.1425879448652E+00
-145.0000E-09,+1.1224874425678E+00
-144.5000E-09,+1.0822864379733E+00
-144.0000E-09,+1.0621859356760E+00
-143.5000E-09,+1.0420854333787E+00
-143.0000E-09,+1.0018844287843E+00
-142.5000E-09,+1.0018844287841E+00
-142.0000E-09,+961.6834241895E-03
-141.5000E-09,+921.4824195951E-03
-141.0000E-09,+921.4824195951E-03
-140.5000E-09,+901.3819172978E-03
-140.0000E-09,+901.3819172977E-03
-139.5000E-09,+861.1809127033E-03
-139.0000E-09,+861.1809127033E-03
-138.5000E-09,+861.1809127031E-03
-138.0000E-09,+820.9799081086E-03
-137.5000E-09,+800.8794058114E-03
-137.0000E-09,+800.8794058114E-03
-136.5000E-09,+780.7789035140E-03
-136.0000E-09,+740.5778989197E-03
-135.5000E-09,+760.6784012167E-03
-135.0000E-09,+720.4773966223E-03
-134.5000E-09,+720.4773966222E-03
-134.0000E-09,+700.3768943249E-03
-133.5000E-09,+660.1758897305E-03
-133.0000E-09,+660.1758897305E-03
-132.5000E-09,+660.1758897303E-03
-132.0000E-09,+619.9748851357E-03
-131.5000E-09,+579.7738805414E-03
-131.0000E-09,+599.8743828385E-03
-130.5000E-09,+579.7738805412E-03
-130.0000E-09,+559.6733782440E-03
-129.5000E-09,+559.6733782440E-03
-129.0000E-09,+539.5728759468E-03
-128.5000E-09,+559.6733782440E-03
-128.0000E-09,+539.5728759470E-03
-127.5000E-09,+599.8743828387E-03
-127.0000E-09,+619.9748851360E-03
-126.5000E-09,+640.0753874331E-03
-126.0000E-09,+619.9748851359E-03
-125.5000E-09,+619.9748851360E-03
-125.0000E-09,+640.0753874332E-03
-124.5000E-09,+640.0753874333E-03
-124.0000E-09,+660.1758897304E-03
-123.5000E-09,+640.0753874333E-03
-123.0000E-09,+680.2763920277E-03
-122.5000E-09,+680.2763920276E-03
-122.0000E-09,+660.1758897305E-03
-121.5000E-09,+660.1758897305E-03
-121.0000E-09,+680.2763920277E-03
-120.5000E-09,+680.2763920276E-03
-120.0000E-09,+660.1758897305E-03
-119.5000E-09,+680.2763920277E-03
-119.0000E-09,+680.2763920278E-03
-118.5000E-09,+700.3768943249E-03
-118.0000E-09,+680.2763920277E-03
-117.5000E-09,+680.2763920278E-03
-117.0000E-09,+700.3768943250E-03
-116.5000E-09,+700.3768943251E-03
-116.0000E-09,+720.4773966222E-03
-115.5000E-09,+700.3768943251E-03
-115.0000E-09,+720.4773966224E-03
-114.5000E-09,+740.5778989194E-03
-114.0000E-09,+700.3768943251E-03
-113.5000E-09,+720.4773966224E-03
-113.0000E-09,+740.5778989195E-03
-112.5000E-09,+720.4773966223E-03
-112.0000E-09,+720.4773966224E-03
-111.5000E-09,+740.5778989196E-03
-111.0000E-09,+740.5778989197E-03
-110.5000E-09,+760.6784012169E-03
-110.0000E-09,+760.6784012170E-03
-109.5000E-09,+800.8794058117E-03
-109.0000E-09,+861.1809127036E-03
-108.5000E-09,+941.5829218927E-03
-108.0000E-09,+1.0018844287843E+00
-107.5000E-09,+1.0219849310820E+00
-107.0000E-09,+1.1224874425682E+00
-106.5000E-09,+1.1827889494599E+00
-106.0000E-09,+1.2028894517573E+00
-105.5000E-09,+1.2631909586491E+00
-105.0000E-09,+1.3033919632437E+00
-104.5000E-09,+1.3435929678381E+00
-104.0000E-09,+1.3636934701354E+00
-103.5000E-09,+1.3837939724328E+00
-103.0000E-09,+1.4239949770275E+00
-102.5000E-09,+1.4842964839191E+00
-102.0000E-09,+1.5043969862165E+00
-101.5000E-09,+1.5445979908110E+00
-101.0000E-09,+1.5646984931082E+00
-100.5000E-09,+1.5847989954056E+00
-100.0000E-09,+1.6250000000001E+00
-99.5000E-09,+1.6451005022975E+00
-99.0000E-09,+1.6853015068919E+00
-98.5000E-09,+1.7054020091892E+00
-98.0000E-09,+1.7255025114865E+00
-97.5000E-09,+1.7456030137838E+00
-97.0000E-09,+1.7657035160811E+00
-96.5000E-09,+1.7858040183784E+00
-96.0000E-09,+1.8059045206756E+00
-95.5000E-09,+1.8260050229729E+00
-95.0000E-09,+1.8461055252702E+00
-94.5000E-09,+1.8662060275676E+00
-94.0000E-09,+1.9064070321620E+00
-93.5000E-09,+1.9064070321620E+00
-93.0000E-09,+1.9265075344593E+00
-92.5000E-09,+1.9466080367566E+00
-92.0000E-09,+1.9667085390538E+00
-91.5000E-09,+1.9667085390540E+00
-91.0000E-09,+2.0069095436485E+00
-90.5000E-09,+2.0270100459457E+00
-90.0000E-09,+2.0471105482429E+00
-89.5000E-09,+2.0471105482430E+00
-89.0000E-09,+2.0672110505405E+00
-88.5000E-09,+2.1275125574321E+00
-88.0000E-09,+2.1476130597294E+00
-87.5000E-09,+2.1677135620268E+00
-87.0000E-09,+2.2079145666213E+00
-86.5000E-09,+2.2280150689186E+00
-86.0000E-09,+2.2682160735130E+00
-85.5000E-09,+2.2682160735131E+00
-85.0000E-09,+2.2883165758104E+00
-84.5000E-09,+2.3084170781077E+00
-84.0000E-09,+2.3285175804049E+00
-83.5000E-09,+2.3285175804051E+00
-83.0000E-09,+2.3687185849995E+00
-82.5000E-09,+2.3888190872968E+00
-82.0000E-09,+2.4089195895940E+00
-81.5000E-09,+2.4089195895940E+00
-81.0000E-09,+2.4089195895942E+00
-80.5000E-09,+2.4491205941887E+00
-80.0000E-09,+2.4692210964859E+00
-79.5000E-09,+2.4692210964860E+00
-79.0000E-09,+2.5094221010804E+00
-78.5000E-09,+2.5094221010806E+00
-78.0000E-09,+2.5496231056749E+00
-77.5000E-09,+2.5295226033778E+00
-77.0000E-09,+2.5496231056752E+00
-76.5000E-09,+2.5898241102696E+00
-76.0000E-09,+2.5898241102696E+00
-75.5000E-09,+2.5898241102696E+00
-75.0000E-09,+2.5898241102696E+00
-74.5000E-09,+2.5898241102694E+00
-74.0000E-09,+2.5496231056748E+00
-73.5000E-09,+2.5094221010803E+00
-73.0000E-09,+2.4692210964858E+00
-72.5000E-09,+2.4491205941883E+00
-72.0000E-09,+2.3888190872966E+00
-71.5000E-09,+2.3486180827020E+00
-71.0000E-09,+2.3084170781076E+00
-70.5000E-09,+2.3084170781074E+00
-70.0000E-09,+2.2682160735130E+00
-69.5000E-09,+2.2481155712157E+00
-69.0000E-09,+2.2280150689186E+00
-68.5000E-09,+2.2481155712157E+00
-68.0000E-09,+2.2280150689182E+00
-67.5000E-09,+2.1677135620267E+00
-67.0000E-09,+2.1878140643238E+00
-66.5000E-09,+2.1677135620265E+00
-66.0000E-09,+2.1476130597293E+00
-65.5000E-09,+2.1275125574320E+00
-65.0000E-09,+2.1074120551347E+00
-64.5000E-09,+2.0873115528375E+00
-64.0000E-09,+2.0873115528375E+00
-63.5000E-09,+2.0873115528375E+00
-63.0000E-09,+2.0873115528373E+00
-62.5000E-09,+2.0471105482429E+00
-62.0000E-09,+2.0471105482428E+00
-61.5000E-09,+2.0069095436484E+00
-61.0000E-09,+2.0069095436484E+00
-60.5000E-09,+2.0069095436483E+00
-60.0000E-09,+1.9868090413509E+00
-59.5000E-09,+1.9466080367567E+00
-59.0000E-09,+1.9868090413510E+00
-58.5000E-09,+1.9667085390537E+00
-58.0000E-09,+1.9466080367565E+00
-57.5000E-09,+1.9466080367564E+00
-57.0000E-09,+1.9265075344592E+00
-56.5000E-09,+1.9265075344592E+00
-56.0000E-09,+1.9265075344591E+00
-55.5000E-09,+1.8863065298647E+00
-55.0000E-09,+1.8863065298646E+00
-54.5000E-09,+1.8662060275673E+00
-54.0000E-09,+1.8461055252699E+00
-53.5000E-09,+1.7858040183781E+00
-53.0000E-09,+1.7456030137835E+00
-52.5000E-09,+1.6853015068916E+00
-52.0000E-09,+1.6249999999997E+00
-51.5000E-09,+1.5445979908108E+00
-51.0000E-09,+1.5244974885134E+00
-50.5000E-09,+1.4842964839187E+00
-50.0000E-09,+1.4038944747297E+00
-49.5000E-09,+1.3636934701352E+00
-49.0000E-09,+1.3234924655408E+00
-48.5000E-09,+1.3234924655405E+00
-48.0000E-09,+1.2631909586488E+00
-47.5000E-09,+1.2430904563516E+00
-47.0000E-09,+1.2229899540542E+00
-46.5000E-09,+1.1827889494597E+00
-46.0000E-09,+1.1626884471624E+00
-45.5000E-09,+1.1224874425679E+00
-45.0000E-09,+1.1224874425679E+00
-44.5000E-09,+1.1023869402705E+00
-44.0000E-09,+1.0621859356759E+00
-43.5000E-09,+1.0219849310815E+00
-43.0000E-09,+1.0219849310815E+00
-42.5000E-09,+1.0018844287842E+00
-42.0000E-09,+981.7839264868E-03
-41.5000E-09,+941.5829218923E-03
-41.0000E-09,+921.4824195950E-03
-40.5000E-09,+901.3819172978E-03
-40.0000E-09,+881.2814150006E-03
-39.5000E-09,+881.2814150004E-03
-39.0000E-09,+841.0804104060E-03
-38.5000E-09,+841.0804104058E-03
-38.0000E-09,+800.8794058114E-03
-37.5000E-09,+780.7789035141E-03
-37.0000E-09,+780.7789035141E-03
-36.5000E-09,+780.7789035141E-03
-36.0000E-09,+760.6784012166E-03
-35.5000E-09,+700.3768943251E-03
-35.0000E-09,+720.4773966223E-03
-34.5000E-09,+720.4773966222E-03
-34.0000E-09,+700.3768943249E-03
-33.5000E-09,+680.2763920277E-03
-33.0000E-09,+660.1758897305E-03
-32.5000E-09,+660.1758897304E-03
-32.0000E-09,+640.0753874330E-03
-31.5000E-09,+599.8743828385E-03
-31.0000E-09,+559.6733782440E-03
-30.5000E-09,+559.6733782440E-03
-30.0000E-09,+559.6733782440E-03
-29.5000E-09,+539.5728759468E-03
-29.0000E-09,+559.6733782441E-03
-28.5000E-09,+579.7738805414E-03
-28.0000E-09,+599.8743828385E-03
-27.5000E-09,+579.7738805414E-03
-27.0000E-09,+599.8743828387E-03
-26.5000E-09,+619.9748851360E-03
-26.0000E-09,+660.1758897304E-03
-25.5000E-09,+640.0753874332E-03
-25.0000E-09,+640.0753874332E-03
-24.5000E-09,+660.1758897304E-03
-24.0000E-09,+640.0753874332E-03
-23.5000E-09,+640.0753874332E-03
-23.0000E-09,+660.1758897305E-03
-22.5000E-09,+660.1758897305E-03
-22.0000E-09,+660.1758897305E-03
-21.5000E-09,+660.1758897305E-03
-21.0000E-09,+680.2763920277E-03
-20.5000E-09,+680.2763920277E-03
-20.0000E-09,+680.2763920277E-03
-19.5000E-09,+680.2763920278E-03
-19.0000E-09,+700.3768943251E-03
-18.5000E-09,+720.4773966223E-03
-18.0000E-09,+720.4773966222E-03
-17.5000E-09,+700.3768943250E-03
-17.0000E-09,+700.3768943251E-03
-16.5000E-09,+720.4773966221E-03
-16.0000E-09,+680.2763920278E-03
-15.5000E-09,+700.3768943250E-03
-15.0000E-09,+700.3768943251E-03
-14.5000E-09,+720.4773966223E-03
-14.0000E-09,+720.4773966222E-03
-13.5000E-09,+700.3768943251E-03
-13.0000E-09,+720.4773966224E-03
-12.5000E-09,+740.5778989196E-03
-12.0000E-09,+740.5778989194E-03
-11.5000E-09,+700.3768943252E-03
-11.0000E-09,+740.5778989196E-03
-10.5000E-09,+740.5778989196E-03
-10.0000E-09,+740.5778989198E-03
-9.5000E-09,+800.8794058117E-03
-9.0000E-09,+861.1809127035E-03
-8.5000E-09,+921.4824195954E-03
-8.0000E-09,+981.7839264873E-03
-7.5000E-09,+1.0621859356763E+00
-7.0000E-09,+1.1224874425681E+00
-6.5000E-09,+1.1626884471627E+00
-6.0000E-09,+1.2229899540544E+00
-5.5000E-09,+1.2229899540546E+00
-5.0000E-09,+1.2832914609464E+00
-4.5000E-09,+1.3435929678382E+00
-4.0000E-09,+1.3837939724325E+00
-3.5000E-09,+1.3636934701356E+00
-3.0000E-09,+1.4440954793246E+00
-2.5000E-09,+1.4842964839191E+00
-2.0000E-09,+1.5043969862164E+00
-1.5000E-09,+1.5244974885137E+00
-1.0000E-09,+1.5646984931083E+00
-500.0E-12,+1.6048994977028E+00
+0.0E+00,+1.6250000000000E+00
+500.0E-12,+1.6250000000002E+00
+1.0000E-09,+1.6853015068919E+00
+1.5000E-09,+1.7054020091893E+00
+2.0000E-09,+1.7456030137837E+00
+2.5000E-09,+1.7456030137838E+00
+3.0000E-09,+1.7657035160811E+00
+3.5000E-09,+1.8059045206755E+00
+4.0000E-09,+1.8059045206755E+00
+4.5000E-09,+1.8059045206758E+00
+5.0000E-09,+1.8662060275674E+00
+5.5000E-09,+1.8662060275675E+00
+6.0000E-09,+1.9064070321620E+00
+6.5000E-09,+1.9265075344592E+00
+7.0000E-09,+1.9064070321621E+00
+7.5000E-09,+1.9466080367565E+00
+8.0000E-09,+1.9466080367566E+00
+8.5000E-09,+1.9667085390540E+00
+9.0000E-09,+2.0069095436484E+00
+9.5000E-09,+2.0069095436486E+00
+10.0000E-09,+2.0672110505402E+00
+10.5000E-09,+2.0672110505403E+00
+11.0000E-09,+2.0873115528377E+00
+11.5000E-09,+2.1275125574321E+00
+12.0000E-09,+2.1476130597293E+00
+12.5000E-09,+2.1476130597296E+00
+13.0000E-09,+2.2079145666213E+00
+13.5000E-09,+2.2280150689186E+00
+14.0000E-09,+2.2682160735130E+00
+14.5000E-09,+2.2682160735132E+00
+15.0000E-09,+2.3084170781077E+00
+15.5000E-09,+2.3285175804050E+00
+16.0000E-09,+2.3486180827022E+00
+16.5000E-09,+2.3687185849994E+00
+17.0000E-09,+2.3687185849996E+00
+17.5000E-09,+2.4089195895940E+00
+18.0000E-09,+2.4089195895940E+00
+18.5000E-09,+2.4089195895941E+00
+19.0000E-09,+2.4290200918914E+00
+19.5000E-09,+2.4692210964859E+00
+20.0000E-09,+2.4893215987831E+00
+20.5000E-09,+2.4893215987832E+00
+21.0000E-09,+2.5094221010805E+00
+21.5000E-09,+2.5295226033777E+00
+22.0000E-09,+2.5295226033777E+00
+22.5000E-09,+2.5295226033779E+00
+23.0000E-09,+2.5697236079723E+00
+23.5000E-09,+2.5697236079723E+00
+24.0000E-09,+2.5898241102696E+00
+24.5000E-09,+2.5898241102696E+00
+25.0000E-09,+2.5898241102696E+00
+25.5000E-09,+2.5898241102694E+00
+26.0000E-09,+2.5496231056748E+00
+26.5000E-09,+2.4893215987831E+00
+27.0000E-09,+2.4692210964858E+00
+27.5000E-09,+2.4491205941884E+00
+28.0000E-09,+2.4089195895937E+00
+28.5000E-09,+2.3285175804049E+00
+29.0000E-09,+2.3285175804048E+00
+29.5000E-09,+2.3084170781075E+00
+30.0000E-09,+2.2883165758102E+00
+30.5000E-09,+2.2682160735130E+00
+31.0000E-09,+2.2481155712157E+00
+31.5000E-09,+2.2280150689183E+00
+32.0000E-09,+2.1878140643239E+00
+32.5000E-09,+2.1878140643238E+00
+33.0000E-09,+2.1677135620266E+00
+33.5000E-09,+2.1677135620265E+00
+34.0000E-09,+2.1476130597293E+00
+34.5000E-09,+2.1275125574321E+00
+35.0000E-09,+2.1275125574321E+00
+35.5000E-09,+2.1275125574321E+00
+36.0000E-09,+2.1275125574318E+00
+36.5000E-09,+2.0672110505402E+00
+37.0000E-09,+2.0672110505402E+00
+37.5000E-09,+2.0672110505401E+00
+38.0000E-09,+2.0471105482429E+00
+38.5000E-09,+2.0270100459456E+00
+39.0000E-09,+2.0069095436484E+00
+39.5000E-09,+2.0069095436484E+00
+40.0000E-09,+2.0069095436483E+00
+40.5000E-09,+1.9868090413511E+00
+41.0000E-09,+1.9868090413511E+00
+41.5000E-09,+1.9868090413510E+00
+42.0000E-09,+1.9667085390538E+00
+42.5000E-09,+1.9667085390537E+00
+43.0000E-09,+1.9466080367565E+00
+43.5000E-09,+1.9466080367565E+00
+44.0000E-09,+1.9466080367564E+00
+44.5000E-09,+1.9064070321620E+00
+45.0000E-09,+1.9064070321619E+00
+45.5000E-09,+1.8863065298645E+00
+46.0000E-09,+1.8461055252699E+00
+46.5000E-09,+1.7858040183781E+00
+47.0000E-09,+1.7456030137835E+00
+47.5000E-09,+1.7054020091888E+00
+48.0000E-09,+1.6249999999997E+00
+48.5000E-09,+1.5445979908107E+00
+49.0000E-09,+1.5043969862161E+00
+49.5000E-09,+1.4440954793243E+00
+50.0000E-09,+1.4038944747297E+00
+50.5000E-09,+1.3435929678381E+00
+51.0000E-09,+1.3435929678379E+00
+51.5000E-09,+1.3033919632434E+00
+52.0000E-09,+1.2832914609460E+00
+52.5000E-09,+1.2229899540544E+00
+53.0000E-09,+1.2229899540543E+00
+53.5000E-09,+1.2028894517569E+00
+54.0000E-09,+1.1626884471624E+00
+54.5000E-09,+1.1425879448651E+00
+55.0000E-09,+1.1023869402707E+00
+55.5000E-09,+1.1023869402705E+00
+56.0000E-09,+1.0621859356760E+00
+56.5000E-09,+1.0420854333787E+00
+57.0000E-09,+1.0219849310814E+00
+57.5000E-09,+981.7839264869E-03
+58.0000E-09,+961.6834241895E-03
+58.5000E-09,+921.4824195953E-03
+59.0000E-09,+961.6834241895E-03
+59.5000E-09,+921.4824195950E-03
+60.0000E-09,+901.3819172977E-03
+60.5000E-09,+861.1809127033E-03
+61.0000E-09,+861.1809127032E-03
+61.5000E-09,+841.0804104059E-03
+62.0000E-09,+820.9799081087E-03
+62.5000E-09,+820.9799081086E-03
+63.0000E-09,+800.8794058114E-03
+63.5000E-09,+780.7789035140E-03
+64.0000E-09,+740.5778989196E-03
+64.5000E-09,+740.5778989194E-03
+65.0000E-09,+700.3768943250E-03
+65.5000E-09,+700.3768943250E-03
+66.0000E-09,+700.3768943249E-03
+66.5000E-09,+660.1758897305E-03
+67.0000E-09,+680.2763920277E-03
+67.5000E-09,+660.1758897303E-03
+68.0000E-09,+619.9748851358E-03
+68.5000E-09,+599.8743828385E-03
+69.0000E-09,+579.7738805413E-03
+69.5000E-09,+579.7738805413E-03
+70.0000E-09,+559.6733782440E-03
+70.5000E-09,+559.6733782440E-03
+71.0000E-09,+539.5728759469E-03
+71.5000E-09,+579.7738805413E-03
+72.0000E-09,+579.7738805414E-03
+72.5000E-09,+599.8743828386E-03
+73.0000E-09,+599.8743828387E-03
+73.5000E-09,+619.9748851360E-03
+74.0000E-09,+640.0753874331E-03
+74.5000E-09,+619.9748851360E-03
+75.0000E-09,+640.0753874332E-03
+75.5000E-09,+660.1758897304E-03
+76.0000E-09,+640.0753874332E-03
+76.5000E-09,+640.0753874332E-03
+77.0000E-09,+660.1758897305E-03
+77.5000E-09,+680.2763920277E-03
+78.0000E-09,+680.2763920278E-03
+78.5000E-09,+700.3768943250E-03
+79.0000E-09,+700.3768943250E-03
+79.5000E-09,+700.3768943249E-03
+80.0000E-09,+680.2763920277E-03
+80.5000E-09,+680.2763920278E-03
+81.0000E-09,+700.3768943250E-03
+81.5000E-09,+700.3768943251E-03
+82.0000E-09,+720.4773966222E-03
+82.5000E-09,+680.2763920278E-03
+83.0000E-09,+700.3768943251E-03
+83.5000E-09,+720.4773966223E-03
+84.0000E-09,+720.4773966222E-03
+84.5000E-09,+700.3768943252E-03
+85.0000E-09,+740.5778989196E-03
+85.5000E-09,+740.5778989195E-03
+86.0000E-09,+720.4773966223E-03
+86.5000E-09,+720.4773966223E-03
+87.0000E-09,+720.4773966224E-03
+87.5000E-09,+740.5778989195E-03
+88.0000E-09,+720.4773966223E-03
+88.5000E-09,+720.4773966223E-03
+89.0000E-09,+720.4773966224E-03
+89.5000E-09,+740.5778989197E-03
+90.0000E-09,+760.6784012169E-03
+90.5000E-09,+780.7789035144E-03
+91.0000E-09,+841.0804104063E-03
+91.5000E-09,+921.4824195954E-03
+92.0000E-09,+1.0018844287843E+00
+92.5000E-09,+1.0219849310819E+00
+93.0000E-09,+1.1224874425681E+00
+93.5000E-09,+1.1626884471627E+00
+94.0000E-09,+1.2028894517572E+00
+94.5000E-09,+1.2430904563518E+00
+95.0000E-09,+1.3033919632436E+00
+95.5000E-09,+1.3435929678381E+00
+96.0000E-09,+1.3636934701355E+00
+96.5000E-09,+1.4038944747300E+00
+97.0000E-09,+1.4239949770273E+00
+97.5000E-09,+1.4641959816220E+00
+98.0000E-09,+1.5244974885136E+00
+98.5000E-09,+1.5244974885137E+00
+99.0000E-09,+1.5646984931082E+00
+99.5000E-09,+1.5847989954056E+00
+100.0000E-09,+1.6249999999999E+00
+100.5000E-09,+1.6048994977029E+00
+101.0000E-09,+1.6652010045946E+00
+101.5000E-09,+1.6853015068919E+00
+102.0000E-09,+1.7054020091892E+00
+102.5000E-09,+1.7255025114865E+00
+103.0000E-09,+1.7456030137839E+00
+103.5000E-09,+1.8059045206756E+00
+104.0000E-09,+1.8260050229728E+00
+104.5000E-09,+1.8260050229729E+00
+105.0000E-09,+1.8461055252702E+00
+105.5000E-09,+1.8662060275675E+00
+106.0000E-09,+1.8863065298647E+00
+106.5000E-09,+1.8863065298647E+00
+107.0000E-09,+1.9064070321622E+00
+107.5000E-09,+1.9667085390538E+00
+108.0000E-09,+1.9667085390538E+00
+108.5000E-09,+1.9667085390539E+00
+109.0000E-09,+1.9868090413512E+00
+109.5000E-09,+2.0270100459457E+00
+110.0000E-09,+2.0471105482430E+00
+110.5000E-09,+2.0672110505403E+00
+111.0000E-09,+2.0873115528376E+00
+111.5000E-09,+2.1275125574321E+00
+112.0000E-09,+2.1476130597294E+00
+112.5000E-09,+2.1677135620267E+00
+113.0000E-09,+2.1878140643240E+00
+113.5000E-09,+2.2280150689186E+00
+114.0000E-09,+2.2682160735130E+00
+114.5000E-09,+2.2481155712159E+00
+115.0000E-09,+2.2883165758104E+00
+115.5000E-09,+2.3285175804049E+00
+116.0000E-09,+2.3285175804049E+00
+116.5000E-09,+2.3285175804050E+00
+117.0000E-09,+2.3687185849996E+00
+117.5000E-09,+2.4089195895940E+00
+118.0000E-09,+2.4089195895941E+00
+118.5000E-09,+2.4290200918914E+00
+119.0000E-09,+2.4491205941886E+00
+119.5000E-09,+2.4692210964859E+00
+120.0000E-09,+2.4692210964859E+00
+120.5000E-09,+2.4692210964859E+00
+121.0000E-09,+2.4893215987832E+00
+121.5000E-09,+2.5094221010805E+00
+122.0000E-09,+2.5295226033777E+00
+122.5000E-09,+2.5295226033778E+00
+123.0000E-09,+2.5496231056751E+00
+123.5000E-09,+2.5697236079723E+00
+124.0000E-09,+2.5697236079723E+00
+124.5000E-09,+2.5697236079723E+00
+125.0000E-09,+2.5898241102695E+00
+125.5000E-09,+2.5697236079722E+00
+126.0000E-09,+2.5496231056748E+00
+126.5000E-09,+2.5094221010802E+00
+127.0000E-09,+2.4491205941885E+00
+127.5000E-09,+2.4290200918911E+00
+128.0000E-09,+2.3888190872965E+00
+128.5000E-09,+2.3285175804048E+00
+129.0000E-09,+2.3084170781076E+00
+129.5000E-09,+2.3084170781075E+00
+130.0000E-09,+2.2883165758102E+00
+130.5000E-09,+2.2682160735130E+00
+131.0000E-09,+2.2481155712157E+00
+131.5000E-09,+2.2280150689184E+00
+132.0000E-09,+2.2079145666210E+00
+132.5000E-09,+2.1677135620266E+00
+133.0000E-09,+2.1677135620266E+00
+133.5000E-09,+2.1677135620265E+00
+134.0000E-09,+2.1476130597293E+00
+134.5000E-09,+2.1275125574319E+00
+135.0000E-09,+2.0873115528376E+00
+135.5000E-09,+2.1074120551346E+00
+136.0000E-09,+2.0672110505403E+00
+136.5000E-09,+2.0873115528373E+00
+137.0000E-09,+2.0471105482429E+00
+137.5000E-09,+2.0471105482429E+00
+138.0000E-09,+2.0471105482428E+00
+138.5000E-09,+2.0069095436484E+00
+139.0000E-09,+2.0270100459456E+00
+139.5000E-09,+2.0270100459456E+00
+140.0000E-09,+2.0069095436482E+00
+140.5000E-09,+1.9667085390538E+00
+141.0000E-09,+1.9667085390538E+00
+141.5000E-09,+1.9667085390538E+00
+142.0000E-09,+1.9667085390536E+00
+142.5000E-09,+1.9265075344592E+00
+143.0000E-09,+1.9265075344592E+00
+143.5000E-09,+1.9265075344592E+00
+144.0000E-09,+1.9064070321619E+00
+144.5000E-09,+1.8863065298647E+00
+145.0000E-09,+1.8863065298647E+00
+145.5000E-09,+1.8863065298646E+00
+146.0000E-09,+1.8662060275670E+00
+146.5000E-09,+1.7858040183781E+00
+147.0000E-09,+1.7456030137834E+00
+147.5000E-09,+1.6853015068915E+00
+148.0000E-09,+1.6048994977024E+00
+148.5000E-09,+1.5244974885134E+00
+149.0000E-09,+1.4842964839189E+00
+149.5000E-09,+1.4641959816215E+00
+150.0000E-09,+1.4038944747298E+00
+150.5000E-09,+1.3837939724324E+00
+151.0000E-09,+1.3435929678379E+00
+151.5000E-09,+1.3033919632433E+00
+152.0000E-09,+1.2631909586489E+00
+152.5000E-09,+1.2631909586486E+00
+153.0000E-09,+1.2028894517570E+00
+153.5000E-09,+1.1827889494596E+00
+154.0000E-09,+1.1425879448651E+00
+154.5000E-09,+1.1224874425679E+00
+155.0000E-09,+1.1224874425679E+00
+155.5000E-09,+1.1023869402705E+00
+156.0000E-09,+1.0621859356759E+00
+156.5000E-09,+1.0219849310814E+00
+157.0000E-09,+1.0018844287842E+00
+157.5000E-09,+981.7839264869E-03
+158.0000E-09,+961.6834241897E-03
+158.5000E-09,+961.6834241895E-03
+159.0000E-09,+921.4824195951E-03
+159.5000E-09,+921.4824195950E-03
+160.0000E-09,+901.3819172977E-03
+160.5000E-09,+881.2814150005E-03
+161.0000E-09,+861.1809127032E-03
+161.5000E-09,+841.0804104059E-03
+162.0000E-09,+820.9799081085E-03
+162.5000E-09,+780.7789035143E-03
+163.0000E-09,+800.8794058113E-03
+163.5000E-09,+780.7789035140E-03
+164.0000E-09,+760.6784012167E-03
+164.5000E-09,+720.4773966224E-03
+165.0000E-09,+740.5778989195E-03
+165.5000E-09,+720.4773966223E-03
+166.0000E-09,+720.4773966222E-03
+166.5000E-09,+700.3768943248E-03
+167.0000E-09,+660.1758897305E-03
+167.5000E-09,+660.1758897302E-03
+168.0000E-09,+619.9748851358E-03
+168.5000E-09,+599.8743828385E-03
+169.0000E-09,+579.7738805412E-03
+169.5000E-09,+559.6733782440E-03
+170.0000E-09,+559.6733782439E-03
+170.5000E-09,+539.5728759468E-03
+171.0000E-09,+539.5728759470E-03
+171.5000E-09,+579.7738805413E-03
+172.0000E-09,+579.7738805412E-03
+172.5000E-09,+559.6733782443E-03
+173.0000E-09,+599.8743828386E-03
+173.5000E-09,+599.8743828387E-03
+174.0000E-09,+619.9748851360E-03
+174.5000E-09,+640.0753874332E-03
+175.0000E-09,+640.0753874332E-03
+175.5000E-09,+640.0753874332E-03
+176.0000E-09,+640.0753874332E-03
+176.5000E-09,+640.0753874333E-03
+177.0000E-09,+660.1758897305E-03
+177.5000E-09,+660.1758897305E-03
+178.0000E-09,+660.1758897303E-03
+178.5000E-09,+640.0753874334E-03
+179.0000E-09,+680.2763920277E-03
+179.5000E-09,+680.2763920279E-03
+180.0000E-09,+700.3768943248E-03
+180.5000E-09,+660.1758897307E-03
+181.0000E-09,+700.3768943250E-03
+181.5000E-09,+700.3768943250E-03
+182.0000E-09,+700.3768943250E-03
+182.5000E-09,+700.3768943250E-03
+183.0000E-09,+700.3768943251E-03
+183.5000E-09,+720.4773966223E-03
+184.0000E-09,+720.4773966222E-03
+184.5000E-09,+700.3768943250E-03
+185.0000E-09,+700.3768943251E-03
+185.5000E-09,+720.4773966222E-03
+186.0000E-09,+700.3768943250E-03
+186.5000E-09,+700.3768943253E-03
+187.0000E-09,+740.5778989195E-03
+187.5000E-09,+720.4773966223E-03
+188.0000E-09,+720.4773966222E-03
+188.5000E-09,+700.3768943253E-03
+189.0000E-09,+740.5778989197E-03
+189.5000E-09,+760.6784012169E-03
+190.0000E-09,+760.6784012172E-03
+190.5000E-09,+820.9799081090E-03
+191.0000E-09,+861.1809127037E-03
+191.5000E-09,+921.4824195955E-03
+192.0000E-09,+981.7839264874E-03
+192.5000E-09,+1.0420854333793E+00
+193.0000E-09,+1.1224874425682E+00
+193.5000E-09,+1.1626884471629E+00
+194.0000E-09,+1.2229899540544E+00
+194.5000E-09,+1.2229899540550E+00
+195.0000E-09,+1.3234924655409E+00
+195.5000E-09,+1.3435929678383E+00
+196.0000E-09,+1.3837939724326E+00
+196.5000E-09,+1.3837939724330E+00
+197.0000E-09,+1.4440954793247E+00
+197.5000E-09,+1.4842964839192E+00
+198.0000E-09,+1.5043969862164E+00
+198.5000E-09,+1.5244974885139E+00
+199.0000E-09,+1.5646984931084E+00
+199.5000E-09,+1.6048994977029E+00
+200.0000E-09,+1.6250000000000E+00
+200.5000E-09,+1.6250000000003E+00
+201.0000E-09,+1.6652010045947E+00
+201.5000E-09,+1.6853015068921E+00
+202.0000E-09,+1.7255025114864E+00
+202.5000E-09,+1.7255025114867E+00
+203.0000E-09,+1.7657035160813E+00
+203.5000E-09,+1.8059045206755E+00
+204.0000E-09,+1.8059045206757E+00
+204.5000E-09,+1.8260050229730E+00
+205.0000E-09,+1.8461055252703E+00
+205.5000E-09,+1.8662060275675E+00
+206.0000E-09,+1.8863065298648E+00
+206.5000E-09,+1.9064070321621E+00
+207.0000E-09,+1.9265075344594E+00
+207.5000E-09,+1.9466080367565E+00
+208.0000E-09,+1.9466080367568E+00
+208.5000E-09,+1.9868090413512E+00
+209.0000E-09,+2.0069095436485E+00
+209.5000E-09,+2.0270100459458E+00
+210.0000E-09,+2.0471105482429E+00
+210.5000E-09,+2.0471105482434E+00
+211.0000E-09,+2.1074120551349E+00
+211.5000E-09,+2.1275125574322E+00
+212.0000E-09,+2.1476130597293E+00
+212.5000E-09,+2.1476130597298E+00
+213.0000E-09,+2.2079145666213E+00
+213.5000E-09,+2.2280150689186E+00
+214.0000E-09,+2.2481155712159E+00
+214.5000E-09,+2.2682160735133E+00
+215.0000E-09,+2.3084170781078E+00
+215.5000E-09,+2.3285175804049E+00
+216.0000E-09,+2.3285175804049E+00
+216.5000E-09,+2.3285175804052E+00
+217.0000E-09,+2.3687185849996E+00
+217.5000E-09,+2.3888190872969E+00
+218.0000E-09,+2.4089195895939E+00
+218.5000E-09,+2.3888190872972E+00
+219.0000E-09,+2.4491205941887E+00
+219.5000E-09,+2.4692210964860E+00
+220.0000E-09,+2.4893215987830E+00
+220.5000E-09,+2.4692210964862E+00
+221.0000E-09,+2.5094221010806E+00
+221.5000E-09,+2.5295226033777E+00
+222.0000E-09,+2.5295226033777E+00
+222.5000E-09,+2.5295226033779E+00
+223.0000E-09,+2.5496231056751E+00
+223.5000E-09,+2.5697236079723E+00
+224.0000E-09,+2.5697236079724E+00
+224.5000E-09,+2.5898241102694E+00
+225.0000E-09,+2.5697236079723E+00
+225.5000E-09,+2.5697236079721E+00
+226.0000E-09,+2.5496231056745E+00
+226.5000E-09,+2.4893215987828E+00
+227.0000E-09,+2.4491205941884E+00
+227.5000E-09,+2.4290200918910E+00
+228.0000E-09,+2.3888190872964E+00
+228.5000E-09,+2.3486180827020E+00
+229.0000E-09,+2.3285175804049E+00
+229.5000E-09,+2.3285175804047E+00
+230.0000E-09,+2.3084170781073E+00
+230.5000E-09,+2.2682160735129E+00
+231.0000E-09,+2.2481155712158E+00
+231.5000E-09,+2.2481155712154E+00
+232.0000E-09,+2.2079145666210E+00
+232.5000E-09,+2.1878140643237E+00
+233.0000E-09,+2.1677135620266E+00
+233.5000E-09,+2.1677135620263E+00
+234.0000E-09,+2.1275125574319E+00
+234.5000E-09,+2.1074120551348E+00
+235.0000E-09,+2.1074120551346E+00
+235.5000E-09,+2.0873115528375E+00
+236.0000E-09,+2.0873115528372E+00
+236.5000E-09,+2.0471105482431E+00
+237.0000E-09,+2.0672110505400E+00
+237.5000E-09,+2.0471105482429E+00
+238.0000E-09,+2.0471105482426E+00
+238.5000E-09,+2.0069095436484E+00
+239.0000E-09,+2.0069095436484E+00
+239.5000E-09,+2.0069095436484E+00
+240.0000E-09,+2.0069095436480E+00
+240.5000E-09,+1.9667085390538E+00
+241.0000E-09,+1.9667085390540E+00
+241.5000E-09,+1.9868090413509E+00
+242.0000E-09,+1.9667085390535E+00
+242.5000E-09,+1.9265075344592E+00
+243.0000E-09,+1.9265075344592E+00
+243.5000E-09,+1.9265075344591E+00
+244.0000E-09,+1.9064070321618E+00
+244.5000E-09,+1.8863065298648E+00
+245.0000E-09,+1.9064070321616E+00
+245.5000E-09,+1.8662060275671E+00
+246.0000E-09,+1.8260050229727E+00
+246.5000E-09,+1.8059045206749E+00
+247.0000E-09,+1.7255025114863E+00
+247.5000E-09,+1.7054020091885E+00
+248.0000E-09,+1.6249999999994E+00
+248.5000E-09,+1.5445979908104E+00
+249.0000E-09,+1.4842964839189E+00
+249.5000E-09,+1.4641959816216E+00
